{
	"credit": "Made with Blockbench",
	"textures": {
		"0": "block/netherite_block",
		"1": "block/glass",
		"2": "block/beacon",
		"3": "block/pearlescent_froglight_top",
		"particle": "block/netherite_block"
	},
	"elements": [
		{
			"name": "netherite",
			"from": [0, 0, 15],
			"to": [16, 1, 16],
			"faces": {
				"north": {"uv": [0, 0, 16, 1], "texture": "#0"},
				"east": {"uv": [0, 0, 1, 1], "texture": "#0"},
				"south": {"uv": [0, 0, 16, 1], "texture": "#0"},
				"west": {"uv": [0, 0, 1, 1], "texture": "#0"},
				"up": {"uv": [0, 0, 16, 1], "texture": "#0"},
				"down": {"uv": [0, 0, 16, 1], "texture": "#0"}
			}
		},
		{
			"name": "netherite",
			"from": [0, 0, 0],
			"to": [16, 1, 1],
			"faces": {
				"north": {"uv": [0, 0, 16, 1], "texture": "#0"},
				"east": {"uv": [0, 0, 1, 1], "texture": "#0"},
				"south": {"uv": [0, 0, 16, 1], "texture": "#0"},
				"west": {"uv": [0, 0, 1, 1], "texture": "#0"},
				"up": {"uv": [0, 0, 16, 1], "texture": "#0"},
				"down": {"uv": [0, 0, 16, 1], "texture": "#0"}
			}
		},
		{
			"name": "netherite",
			"from": [15, 0, 1],
			"to": [16, 1, 15],
			"rotation": {"angle": 0, "axis": "y", "origin": [8, 0.5, 8]},
			"faces": {
				"north": {"uv": [0, 0, 1, 1], "texture": "#0"},
				"east": {"uv": [0, 0, 14, 1], "texture": "#0"},
				"south": {"uv": [0, 0, 1, 1], "texture": "#0"},
				"west": {"uv": [0, 0, 14, 1], "texture": "#0"},
				"up": {"uv": [0, 0, 14, 1], "rotation": 90, "texture": "#0"},
				"down": {"uv": [0, 0, 14, 1], "rotation": 270, "texture": "#0"}
			}
		},
		{
			"name": "netherite",
			"from": [0, 0, 1],
			"to": [1, 1, 15],
			"rotation": {"angle": 0, "axis": "y", "origin": [8, 0.5, 8]},
			"faces": {
				"north": {"uv": [0, 0, 1, 1], "texture": "#0"},
				"east": {"uv": [0, 0, 14, 1], "texture": "#0"},
				"south": {"uv": [0, 0, 1, 1], "texture": "#0"},
				"west": {"uv": [0, 0, 14, 1], "texture": "#0"},
				"up": {"uv": [0, 0, 14, 1], "rotation": 90, "texture": "#0"},
				"down": {"uv": [0, 0, 14, 1], "rotation": 270, "texture": "#0"}
			}
		},
		{
			"name": "netherite",
			"from": [15, 15, 1],
			"to": [16, 16, 15],
			"rotation": {"angle": 0, "axis": "y", "origin": [8, 0.5, 8]},
			"faces": {
				"north": {"uv": [0, 0, 1, 1], "texture": "#0"},
				"east": {"uv": [0, 0, 14, 1], "texture": "#0"},
				"south": {"uv": [0, 0, 1, 1], "texture": "#0"},
				"west": {"uv": [0, 0, 14, 1], "texture": "#0"},
				"up": {"uv": [0, 0, 14, 1], "rotation": 90, "texture": "#0"},
				"down": {"uv": [0, 0, 14, 1], "rotation": 270, "texture": "#0"}
			}
		},
		{
			"name": "netherite",
			"from": [0, 15, 1],
			"to": [1, 16, 15],
			"rotation": {"angle": 0, "axis": "y", "origin": [8, 0.5, 8]},
			"faces": {
				"north": {"uv": [0, 0, 1, 1], "texture": "#0"},
				"east": {"uv": [0, 0, 14, 1], "texture": "#0"},
				"south": {"uv": [0, 0, 1, 1], "texture": "#0"},
				"west": {"uv": [0, 0, 14, 1], "texture": "#0"},
				"up": {"uv": [0, 0, 14, 1], "rotation": 90, "texture": "#0"},
				"down": {"uv": [0, 0, 14, 1], "rotation": 270, "texture": "#0"}
			}
		},
		{
			"name": "netherite",
			"from": [0, 15, 0],
			"to": [16, 16, 1],
			"faces": {
				"north": {"uv": [0, 0, 16, 1], "texture": "#0"},
				"east": {"uv": [0, 0, 1, 1], "texture": "#0"},
				"south": {"uv": [0, 0, 16, 1], "texture": "#0"},
				"west": {"uv": [0, 0, 1, 1], "texture": "#0"},
				"up": {"uv": [0, 0, 16, 1], "texture": "#0"},
				"down": {"uv": [0, 0, 16, 1], "texture": "#0"}
			}
		},
		{
			"name": "netherite",
			"from": [0, 1, 0],
			"to": [1, 15, 1],
			"rotation": {"angle": 0, "axis": "y", "origin": [8, 8, 0.5]},
			"faces": {
				"north": {"uv": [0, 0, 14, 1], "rotation": 90, "texture": "#0"},
				"east": {"uv": [0, 0, 14, 1], "rotation": 270, "texture": "#0"},
				"south": {"uv": [0, 0, 14, 1], "rotation": 270, "texture": "#0"},
				"west": {"uv": [0, 0, 14, 1], "rotation": 270, "texture": "#0"},
				"up": {"uv": [0, 0, 1, 1], "rotation": 270, "texture": "#0"},
				"down": {"uv": [0, 0, 1, 1], "rotation": 270, "texture": "#0"}
			}
		},
		{
			"name": "netherite",
			"from": [15, 1, 0],
			"to": [16, 15, 1],
			"rotation": {"angle": 0, "axis": "y", "origin": [8, 8, 0.5]},
			"faces": {
				"north": {"uv": [0, 0, 14, 1], "rotation": 90, "texture": "#0"},
				"east": {"uv": [0, 0, 14, 1], "rotation": 270, "texture": "#0"},
				"south": {"uv": [0, 0, 14, 1], "rotation": 270, "texture": "#0"},
				"west": {"uv": [0, 0, 14, 1], "rotation": 270, "texture": "#0"},
				"up": {"uv": [0, 0, 1, 1], "rotation": 270, "texture": "#0"},
				"down": {"uv": [0, 0, 1, 1], "rotation": 270, "texture": "#0"}
			}
		},
		{
			"name": "netherite",
			"from": [0, 1, 15],
			"to": [1, 15, 16],
			"rotation": {"angle": 0, "axis": "y", "origin": [8, 8, 0.5]},
			"faces": {
				"north": {"uv": [0, 0, 14, 1], "rotation": 90, "texture": "#0"},
				"east": {"uv": [0, 0, 14, 1], "rotation": 270, "texture": "#0"},
				"south": {"uv": [0, 0, 14, 1], "rotation": 270, "texture": "#0"},
				"west": {"uv": [0, 0, 14, 1], "rotation": 270, "texture": "#0"},
				"up": {"uv": [0, 0, 1, 1], "rotation": 270, "texture": "#0"},
				"down": {"uv": [0, 0, 1, 1], "rotation": 270, "texture": "#0"}
			}
		},
		{
			"name": "netherite",
			"from": [15, 1, 15],
			"to": [16, 15, 16],
			"rotation": {"angle": 0, "axis": "y", "origin": [8, 8, 0.5]},
			"faces": {
				"north": {"uv": [0, 0, 14, 1], "rotation": 90, "texture": "#0"},
				"east": {"uv": [0, 0, 14, 1], "rotation": 270, "texture": "#0"},
				"south": {"uv": [0, 0, 14, 1], "rotation": 270, "texture": "#0"},
				"west": {"uv": [0, 0, 14, 1], "rotation": 270, "texture": "#0"},
				"up": {"uv": [0, 0, 1, 1], "rotation": 270, "texture": "#0"},
				"down": {"uv": [0, 0, 1, 1], "rotation": 270, "texture": "#0"}
			}
		},
		{
			"name": "netherite",
			"from": [0, 15, 15],
			"to": [16, 16, 16],
			"faces": {
				"north": {"uv": [0, 0, 16, 1], "texture": "#0"},
				"east": {"uv": [0, 0, 1, 1], "texture": "#0"},
				"south": {"uv": [0, 0, 16, 1], "texture": "#0"},
				"west": {"uv": [0, 0, 1, 1], "texture": "#0"},
				"up": {"uv": [0, 0, 16, 1], "texture": "#0"},
				"down": {"uv": [0, 0, 16, 1], "texture": "#0"}
			}
		},
		{
			"name": "glass",
			"from": [5.5, 5.5, 5.5],
			"to": [10.5, 10.5, 10.5],
			"rotation": {"angle": 0, "axis": "y", "origin": [8, 8, 8]},
			"faces": {
				"north": {"uv": [0, 0, 16, 16], "texture": "#1"},
				"east": {"uv": [0, 0, 16, 16], "texture": "#1"},
				"south": {"uv": [0, 0, 16, 16], "texture": "#1"},
				"west": {"uv": [0, 0, 16, 15], "texture": "#1"},
				"up": {"uv": [0, 0, 16, 16], "texture": "#1"},
				"down": {"uv": [0, 0, 16, 16], "texture": "#1"}
			}
		},
		{
			"from": [1, 11, 11],
			"to": [5, 15, 15],
			"rotation": {"angle": 0, "axis": "y", "origin": [-10, 0, 0]},
			"faces": {
				"north": {"uv": [0, 0, 4, 4], "texture": "#3"},
				"east": {"uv": [0, 0, 4, 4], "texture": "#3"},
				"south": {"uv": [0, 0, 4, 4], "texture": "#3"},
				"west": {"uv": [12, 0, 16, 4], "texture": "#3"},
				"up": {"uv": [0, 12, 4, 16], "texture": "#3"},
				"down": {"uv": [6, 5, 10, 11], "texture": "#3"}
			}
		},
		{
			"from": [1, 11, 5],
			"to": [5, 15, 11],
			"rotation": {"angle": 0, "axis": "y", "origin": [3, 13, 8]},
			"faces": {
				"north": {"uv": [0, 0, 4, 4], "rotation": 90, "texture": "#3"},
				"east": {"uv": [5, 6, 11, 10], "texture": "#3"},
				"south": {"uv": [0, 0, 4, 4], "rotation": 270, "texture": "#3"},
				"west": {"uv": [4, 0, 10, 4], "texture": "#3"},
				"up": {"uv": [0, 4, 4, 10], "texture": "#3"},
				"down": {"uv": [5, 6, 11, 10], "rotation": 270, "texture": "#3"}
			}
		},
		{
			"from": [1, 11, 1],
			"to": [5, 15, 5],
			"faces": {
				"north": {"uv": [12, 0, 16, 4], "texture": "#3"},
				"east": {"uv": [6, 6, 11, 10], "texture": "#3"},
				"south": {"uv": [0, 0, 4, 4], "texture": "#3"},
				"west": {"uv": [0, 0, 4, 4], "texture": "#3"},
				"up": {"uv": [0, 0, 4, 4], "texture": "#3"},
				"down": {"uv": [6, 5, 10, 10], "texture": "#3"}
			}
		},
		{
			"from": [1, 5, 1],
			"to": [5, 11, 5],
			"rotation": {"angle": 0, "axis": "y", "origin": [8, 8, 8]},
			"faces": {
				"north": {"uv": [12, 4, 16, 10], "texture": "#3"},
				"east": {"uv": [5, 6, 11, 10], "rotation": 270, "texture": "#3"},
				"south": {"uv": [6, 5, 10, 11], "texture": "#3"},
				"west": {"uv": [0, 4, 4, 10], "texture": "#3"},
				"up": {"uv": [0, 0, 4, 4], "rotation": 180, "texture": "#3"},
				"down": {"uv": [0, 0, 4, 4], "texture": "#3"}
			}
		},
		{
			"from": [1, 1, 5],
			"to": [5, 5, 11],
			"rotation": {"angle": 0, "axis": "y", "origin": [3, 3, 8]},
			"faces": {
				"north": {"uv": [0, 0, 4, 4], "rotation": 90, "texture": "#3"},
				"east": {"uv": [4, 0, 10, 4], "texture": "#3"},
				"south": {"uv": [0, 0, 4, 4], "rotation": 270, "texture": "#3"},
				"west": {"uv": [4, 12, 10, 16], "texture": "#3"},
				"up": {"uv": [6, 5, 10, 11], "texture": "#3"},
				"down": {"uv": [0, 6, 4, 12], "texture": "#3"}
			}
		},
		{
			"from": [1, 5, 11],
			"to": [5, 11, 15],
			"rotation": {"angle": 0, "axis": "y", "origin": [8, 8, 8]},
			"faces": {
				"north": {"uv": [6, 4, 10, 10], "rotation": 180, "texture": "#3"},
				"east": {"uv": [4, 4, 10, 8], "rotation": 270, "texture": "#3"},
				"south": {"uv": [0, 6, 4, 12], "texture": "#3"},
				"west": {"uv": [12, 4, 16, 10], "texture": "#3"},
				"up": {"uv": [0, 0, 4, 4], "rotation": 180, "texture": "#3"},
				"down": {"uv": [0, 0, 4, 4], "texture": "#3"}
			}
		},
		{
			"from": [5, 1, 11],
			"to": [11, 5, 15],
			"rotation": {"angle": 0, "axis": "y", "origin": [8, 8, 13]},
			"faces": {
				"north": {"uv": [0, 0, 4, 6], "rotation": 90, "texture": "#3"},
				"east": {"uv": [0, 0, 4, 4], "rotation": 270, "texture": "#3"},
				"south": {"uv": [6, 12, 12, 16], "texture": "#3"},
				"west": {"uv": [0, 0, 4, 4], "rotation": 90, "texture": "#3"},
				"up": {"uv": [5, 5, 11, 9], "rotation": 180, "texture": "#3"},
				"down": {"uv": [4, 0, 10, 4], "texture": "#3"}
			}
		},
		{
			"from": [11, 1, 11],
			"to": [15, 5, 15],
			"rotation": {"angle": 0, "axis": "y", "origin": [0, 0, 10]},
			"faces": {
				"north": {"uv": [0, 12, 4, 16], "texture": "#3"},
				"east": {"uv": [0, 12, 4, 16], "texture": "#3"},
				"south": {"uv": [12, 12, 16, 16], "texture": "#3"},
				"west": {"uv": [0, 0, 14, 4], "texture": "#3"},
				"up": {"uv": [6, 5, 10, 11], "texture": "#3"},
				"down": {"uv": [12, 0, 16, 4], "texture": "#3"}
			}
		},
		{
			"from": [11, 5, 11],
			"to": [15, 11, 15],
			"rotation": {"angle": 0, "axis": "y", "origin": [8, 8, 8]},
			"faces": {
				"north": {"uv": [6, 4, 10, 10], "rotation": 180, "texture": "#3"},
				"east": {"uv": [0, 4, 4, 10], "texture": "#3"},
				"south": {"uv": [12, 4, 16, 10], "texture": "#3"},
				"west": {"uv": [5, 5, 11, 9], "rotation": 90, "texture": "#3"},
				"up": {"uv": [0, 0, 4, 4], "rotation": 180, "texture": "#3"},
				"down": {"uv": [0, 0, 4, 4], "texture": "#3"}
			}
		},
		{
			"from": [11, 11, 11],
			"to": [15, 15, 15],
			"faces": {
				"north": {"uv": [0, 0, 4, 4], "texture": "#3"},
				"east": {"uv": [0, 0, 4, 4], "texture": "#3"},
				"south": {"uv": [12, 0, 16, 4], "texture": "#3"},
				"west": {"uv": [6, 6, 11, 10], "texture": "#3"},
				"up": {"uv": [12, 12, 16, 16], "texture": "#3"},
				"down": {"uv": [6, 5, 10, 11], "texture": "#3"}
			}
		},
		{
			"from": [5, 11, 11],
			"to": [11, 15, 15],
			"rotation": {"angle": 0, "axis": "y", "origin": [8, 8, 13]},
			"faces": {
				"north": {"uv": [6, 5, 10, 11], "rotation": 90, "texture": "#3"},
				"east": {"uv": [0, 0, 4, 4], "rotation": 270, "texture": "#3"},
				"south": {"uv": [4, 0, 10, 4], "texture": "#3"},
				"west": {"uv": [0, 0, 4, 4], "rotation": 90, "texture": "#3"},
				"up": {"uv": [6, 12, 12, 16], "texture": "#3"},
				"down": {"uv": [5, 6, 11, 10], "texture": "#3"}
			}
		},
		{
			"from": [11, 1, 5],
			"to": [15, 5, 11],
			"rotation": {"angle": 0, "axis": "y", "origin": [13, 3, 8]},
			"faces": {
				"north": {"uv": [0, 0, 4, 4], "rotation": 90, "texture": "#3"},
				"east": {"uv": [6, 12, 12, 16], "texture": "#3"},
				"south": {"uv": [0, 0, 4, 4], "rotation": 270, "texture": "#3"},
				"west": {"uv": [5, 6, 11, 10], "texture": "#3"},
				"up": {"uv": [4, 0, 10, 4], "rotation": 90, "texture": "#3"},
				"down": {"uv": [12, 4, 16, 10], "texture": "#3"}
			}
		},
		{
			"from": [11, 1, 1],
			"to": [15, 5, 5],
			"faces": {
				"north": {"uv": [0, 12, 4, 16], "texture": "#3"},
				"east": {"uv": [12, 12, 16, 16], "texture": "#3"},
				"south": {"uv": [12, 12, 16, 16], "texture": "#3"},
				"west": {"uv": [0, 0, 14, 4], "texture": "#3"},
				"up": {"uv": [6, 5, 10, 11], "texture": "#3"},
				"down": {"uv": [12, 12, 16, 16], "texture": "#3"}
			}
		},
		{
			"from": [11, 5, 1],
			"to": [15, 11, 5],
			"rotation": {"angle": 0, "axis": "y", "origin": [8, 8, 8]},
			"faces": {
				"north": {"uv": [0, 6, 4, 12], "texture": "#3"},
				"east": {"uv": [12, 4, 16, 10], "texture": "#3"},
				"south": {"uv": [6, 4, 10, 10], "texture": "#3"},
				"west": {"uv": [5, 6, 11, 10], "rotation": 90, "texture": "#3"},
				"up": {"uv": [0, 0, 4, 4], "rotation": 180, "texture": "#3"},
				"down": {"uv": [0, 0, 4, 4], "texture": "#3"}
			}
		},
		{
			"from": [11, 11, 1],
			"to": [15, 15, 5],
			"rotation": {"angle": 0, "axis": "y", "origin": [0, 0, -10]},
			"faces": {
				"north": {"uv": [0, 0, 4, 4], "texture": "#3"},
				"east": {"uv": [12, 0, 16, 4], "texture": "#3"},
				"south": {"uv": [12, 0, 16, 4], "texture": "#3"},
				"west": {"uv": [6, 6, 11, 10], "texture": "#3"},
				"up": {"uv": [12, 0, 16, 4], "texture": "#3"},
				"down": {"uv": [6, 5, 10, 11], "texture": "#3"}
			}
		},
		{
			"from": [11, 11, 5],
			"to": [15, 15, 11],
			"rotation": {"angle": 0, "axis": "y", "origin": [13, 13, 8]},
			"faces": {
				"north": {"uv": [0, 0, 4, 4], "rotation": 90, "texture": "#3"},
				"east": {"uv": [4, 0, 10, 4], "texture": "#3"},
				"south": {"uv": [0, 0, 4, 4], "rotation": 270, "texture": "#3"},
				"west": {"uv": [5, 6, 11, 10], "texture": "#3"},
				"up": {"uv": [4, 0, 10, 4], "rotation": 90, "texture": "#3"},
				"down": {"uv": [5, 6, 11, 10], "rotation": 270, "texture": "#3"}
			}
		},
		{
			"from": [5, 1, 1],
			"to": [11, 5, 5],
			"rotation": {"angle": 0, "axis": "y", "origin": [8, 8, 3]},
			"faces": {
				"north": {"uv": [6, 12, 12, 16], "texture": "#3"},
				"east": {"uv": [0, 0, 4, 4], "rotation": 270, "texture": "#3"},
				"south": {"uv": [6, 5, 10, 11], "rotation": 270, "texture": "#3"},
				"west": {"uv": [0, 0, 4, 4], "rotation": 90, "texture": "#3"},
				"up": {"uv": [5, 6, 11, 10], "rotation": 180, "texture": "#3"},
				"down": {"uv": [6, 12, 12, 16], "texture": "#3"}
			}
		},
		{
			"from": [1, 1, 1],
			"to": [5, 5, 5],
			"faces": {
				"north": {"uv": [12, 12, 16, 16], "texture": "#3"},
				"east": {"uv": [0, 0, 14, 4], "texture": "#3"},
				"south": {"uv": [0, 12, 4, 16], "texture": "#3"},
				"west": {"uv": [0, 12, 4, 16], "texture": "#3"},
				"up": {"uv": [6, 7, 10, 11], "texture": "#3"},
				"down": {"uv": [0, 12, 4, 16], "texture": "#3"}
			}
		},
		{
			"from": [5, 11, 1],
			"to": [11, 15, 5],
			"rotation": {"angle": 0, "axis": "y", "origin": [8, 8, 3]},
			"faces": {
				"north": {"uv": [4, 0, 10, 4], "texture": "#3"},
				"east": {"uv": [0, 0, 4, 4], "rotation": 270, "texture": "#3"},
				"south": {"uv": [6, 5, 10, 11], "rotation": 270, "texture": "#3"},
				"west": {"uv": [0, 0, 4, 4], "rotation": 90, "texture": "#3"},
				"up": {"uv": [4, 0, 10, 4], "texture": "#3"},
				"down": {"uv": [5, 6, 11, 10], "texture": "#3"}
			}
		},
		{
			"from": [1, 1, 11],
			"to": [5, 5, 15],
			"rotation": {"angle": 0, "axis": "y", "origin": [0, 0, 10]},
			"faces": {
				"north": {"uv": [12, 12, 16, 16], "texture": "#3"},
				"east": {"uv": [0, 0, 14, 4], "texture": "#3"},
				"south": {"uv": [0, 12, 4, 16], "texture": "#3"},
				"west": {"uv": [12, 12, 16, 16], "texture": "#3"},
				"up": {"uv": [6, 7, 10, 11], "texture": "#3"},
				"down": {"uv": [0, 0, 4, 4], "texture": "#3"}
			}
		},
		{
			"name": "beacon",
			"from": [6, 6, 6],
			"to": [10, 10, 10],
			"faces": {
				"north": {"uv": [0, 0, 16, 16], "texture": "#2"},
				"east": {"uv": [0, 0, 16, 16], "texture": "#2"},
				"south": {"uv": [0, 0, 16, 16], "texture": "#2"},
				"west": {"uv": [0, 0, 16, 15], "texture": "#2"},
				"up": {"uv": [0, 0, 16, 16], "texture": "#2"},
				"down": {"uv": [0, 0, 16, 16], "texture": "#2"}
			}
		}
	],
	"overrides": [
		{"predicate": {"custom_model_data": 3}, "model": "item/magnet"}
	],
	"display": {
		"thirdperson_righthand": {
			"translation": [0, -2, 2],
			"scale": [0.35, 0.35, 0.35]
		},
		"thirdperson_lefthand": {
			"translation": [0, -2, 2],
			"scale": [0.35, 0.35, 0.35]
		},
		"firstperson_righthand": {
			"scale": [0.39844, 0.39844, 0.39844]
		},
		"firstperson_lefthand": {
			"scale": [0.44141, 0.44141, 0.44141]
		},
		"ground": {
			"translation": [0, 1.5, 0],
			"scale": [0.4043, 0.4043, 0.4043]
		},
		"gui": {
			"rotation": [17.09, -28.15, 0.73],
			"scale": [0.69336, 0.69336, 0.69336]
		},
		"head": {
			"scale": [4, 4, 4]
		},
		"fixed": {
			"translation": [0, 0, -7.5],
			"scale": [0.94141, 0.94141, 0.94141]
		}
	},
	"groups": [
		{
			"name": "netherite_casing",
			"origin": [0, 0, 0],
			"color": 0,
			"nbt": "{}",
			"children": [0, 1, 2, 3, 4, 5, 6, 7, 8, 9, 10, 11]
		},
		12,
		{
			"name": "froglight",
			"origin": [8, 8, 3],
			"color": 0,
			"nbt": "{}",
			"children": [13, 14, 15, 16, 17, 18, 19, 20, 21, 22, 23, 24, 25, 26, 27, 28, 29, 30, 31, 32]
		},
		33
	]
}