{
	"credit": "Made with Blockbench",
	"textures": {
		"0": "block/netherite_block",
		"1": "block/cobblestone",
		"2": "block/pearlescent_froglight_top",
		"3": "block/stripped_warped_stem",
		"4": "block/stripped_warped_stem_top",
		"particle": "block/netherite_block"
	},
	"elements": [
		{
			"from": [7.6, 0, 7.6],
			"to": [8.4, 3, 8.4],
			"faces": {
				"north": {"uv": [0, 0, 16, 16], "texture": "#3"},
				"east": {"uv": [0, 0, 16, 16], "texture": "#3"},
				"south": {"uv": [0, 0, 16, 16], "texture": "#3"},
				"west": {"uv": [0, 0, 16, 16], "texture": "#3"},
				"up": {"uv": [0, 0, 16, 16], "texture": "#4"},
				"down": {"uv": [0, 0, 16, 16], "texture": "#4"}
			}
		},
		{
			"from": [7, 3, 7],
			"to": [9, 4, 9],
			"rotation": {"angle": -22.5, "axis": "y", "origin": [8, 5, 8]},
			"faces": {
				"north": {"uv": [0, 0, 16, 8], "texture": "#2"},
				"east": {"uv": [0, 0, 16, 8], "texture": "#2"},
				"south": {"uv": [0, 0, 16, 8], "texture": "#2"},
				"west": {"uv": [0, 0, 16, 8], "texture": "#2"},
				"up": {"uv": [0, 0, 16, 16], "texture": "#2"},
				"down": {"uv": [0, 0, 16, 16], "texture": "#2"}
			}
		},
		{
			"from": [7.75, 3.75, 7.25],
			"to": [8.25, 12.25, 8.75],
			"faces": {
				"north": {"uv": [11, 0, 12, 16], "texture": "#0"},
				"east": {"uv": [11, 0, 14, 16], "texture": "#0"},
				"south": {"uv": [11, 0, 12, 16], "texture": "#0"},
				"west": {"uv": [11, 0, 14, 16], "texture": "#0"},
				"up": {"uv": [8, 4, 9, 7], "texture": "#0"},
				"down": {"uv": [11, 0, 12, 16], "texture": "#0"}
			}
		},
		{
			"from": [7.7, 4, 7.5],
			"to": [8.3, 12, 8.5],
			"faces": {
				"north": {"uv": [7, 1, 11, 15], "texture": "#1"},
				"east": {"uv": [7, 1, 11, 15], "texture": "#1"},
				"south": {"uv": [7, 1, 11, 15], "texture": "#1"},
				"west": {"uv": [2, 1, 6, 15], "texture": "#1"},
				"up": {"uv": [4, 4, 6, 8], "texture": "#1"},
				"down": {"uv": [4, 4, 6, 8], "texture": "#1"}
			}
		}
	],
	"display": {
		"thirdperson_righthand": {
			"translation": [0, 14, 0],
			"scale": [1.64258, 2.53906, 1.64258]
		},
		"thirdperson_lefthand": {
			"translation": [0, 14, 0],
			"scale": [1.64258, 2.53906, 1.64258]
		},
		"firstperson_righthand": {
			"translation": [0, 10.75, 0],
			"scale": [1.64258, 2.35938, 1.64258]
		},
		"firstperson_lefthand": {
			"translation": [0, 10.75, 0],
			"scale": [1.64258, 2.35938, 1.64258]
		},
		"ground": {
			"rotation": [20.58, -53.91, -43.45],
			"translation": [1, 2, 1.5]
		},
		"gui": {
			"rotation": [-103.04, -42.38, -118.44],
			"translation": [2, 2, 0],
			"scale": [1.55859, 1.55859, 1.55859]
		},
		"head": {
			"rotation": [-132.79, 39.45, -34.52],
			"translation": [-0.75, 3, 0],
			"scale": [1.64258, 1.64258, 1.64258]
		},
		"fixed": {
			"rotation": [68.45, -45.9, 74.31],
			"translation": [-1.25, 1.75, 0],
			"scale": [1.68164, 1.68164, 1.68164]
		}
	}
}