{
	"credit": "Made with Blockbench",
	"textures": {
		"0": "block/verdant_froglight_side",
		"1": "block/verdant_froglight_top",
		"2": "block/netherite_block",
		"3": "block/bee_nest_side",
		"4": "block/cobblestone",
		"particle": "block/verdant_froglight_side"
	},
	"elements": [
		{
			"from": [7, 1, 7],
			"to": [9, 26, 9],
			"rotation": {"angle": 0, "axis": "y", "origin": [8, 13.5, 8]},
			"faces": {
				"north": {"uv": [0, 0, 2, 16], "texture": "#3"},
				"east": {"uv": [0, 0, 2, 16], "texture": "#3"},
				"south": {"uv": [0, 0, 2, 16], "texture": "#3"},
				"west": {"uv": [0, 0, 2, 16], "texture": "#3"},
				"up": {"uv": [0, 0, 2, 2], "texture": "#3"},
				"down": {"uv": [0, 0, 2, 2], "texture": "#3"}
			}
		},
		{
			"from": [7, 18, 6.75],
			"to": [9, 23, 7],
			"rotation": {"angle": 0, "axis": "y", "origin": [8, 20.5, 6.875]},
			"faces": {
				"north": {"uv": [0, 0, 16, 16], "texture": "#0"},
				"east": {"uv": [0, 0, 16, 16], "texture": "#0"},
				"south": {"uv": [0, 0, 16, 16], "texture": "#0"},
				"west": {"uv": [0, 0, 16, 16], "texture": "#0"},
				"up": {"uv": [0, 0, 16, 16], "texture": "#0"},
				"down": {"uv": [0, 0, 16, 16], "texture": "#0"}
			}
		},
		{
			"from": [9, 18, 7],
			"to": [9.25, 23, 9],
			"rotation": {"angle": 0, "axis": "y", "origin": [9.125, 20.5, 8]},
			"faces": {
				"north": {"uv": [0, 0, 16, 16], "texture": "#0"},
				"east": {"uv": [0, 0, 16, 16], "texture": "#0"},
				"south": {"uv": [0, 0, 16, 16], "texture": "#0"},
				"west": {"uv": [0, 0, 16, 16], "texture": "#0"},
				"up": {"uv": [0, 0, 16, 16], "texture": "#0"},
				"down": {"uv": [0, 0, 16, 16], "texture": "#0"}
			}
		},
		{
			"from": [6.75, 18, 7],
			"to": [7, 23, 9],
			"rotation": {"angle": 0, "axis": "y", "origin": [6.875, 20.5, 8]},
			"faces": {
				"north": {"uv": [0, 0, 16, 16], "texture": "#0"},
				"east": {"uv": [0, 0, 16, 16], "texture": "#0"},
				"south": {"uv": [0, 0, 16, 16], "texture": "#0"},
				"west": {"uv": [0, 0, 16, 16], "texture": "#0"},
				"up": {"uv": [0, 0, 16, 16], "texture": "#0"},
				"down": {"uv": [0, 0, 16, 16], "texture": "#0"}
			}
		},
		{
			"from": [7, 18, 9],
			"to": [9, 23, 9.25],
			"rotation": {"angle": 0, "axis": "y", "origin": [8, 20.5, 9.125]},
			"faces": {
				"north": {"uv": [0, 0, 16, 16], "texture": "#0"},
				"east": {"uv": [0, 0, 16, 16], "texture": "#0"},
				"south": {"uv": [0, 0, 16, 16], "texture": "#0"},
				"west": {"uv": [0, 0, 16, 16], "texture": "#0"},
				"up": {"uv": [0, 0, 16, 16], "texture": "#0"},
				"down": {"uv": [0, 0, 16, 16], "texture": "#0"}
			}
		},
		{
			"from": [1.75, 23, 5],
			"to": [14.5, 29, 11.2],
			"rotation": {"angle": 0, "axis": "y", "origin": [8.125, 26, 8]},
			"faces": {
				"north": {"uv": [0, 0, 16, 16], "texture": "#2"},
				"east": {"uv": [0, 0, 16, 16], "texture": "#2"},
				"south": {"uv": [0, 0, 16, 16], "texture": "#2"},
				"west": {"uv": [0, 0, 16, 16], "texture": "#2"},
				"up": {"uv": [0, 0, 16, 16], "texture": "#2"},
				"down": {"uv": [0, 0, 16, 16], "texture": "#2"}
			}
		},
		{
			"from": [8.6648, 17.26015, 7.5],
			"to": [10.6648, 26.26015, 8.5],
			"rotation": {"angle": -22.5, "axis": "z", "origin": [9.6648, 21.76015, 8]},
			"faces": {
				"north": {"uv": [0, 0, 2, 9], "texture": "#4"},
				"east": {"uv": [0, 0, 1, 9], "texture": "#4"},
				"south": {"uv": [0, 0, 2, 9], "texture": "#4"},
				"west": {"uv": [0, 0, 1, 9], "texture": "#4"},
				"up": {"uv": [0, 0, 2, 1], "texture": "#4"},
				"down": {"uv": [0, 0, 2, 1], "texture": "#4"}
			}
		},
		{
			"from": [5.46415, 18.18903, 7.5],
			"to": [7.46415, 26.18903, 8.5],
			"rotation": {"angle": 22.5, "axis": "z", "origin": [6.46415, 22.18903, 8]},
			"faces": {
				"north": {"uv": [0, 0, 2, 8], "texture": "#4"},
				"east": {"uv": [0, 0, 1, 8], "texture": "#4"},
				"south": {"uv": [0, 0, 2, 8], "texture": "#4"},
				"west": {"uv": [0, 0, 1, 8], "texture": "#4"},
				"up": {"uv": [0, 0, 2, 1], "texture": "#4"},
				"down": {"uv": [0, 0, 2, 1], "texture": "#4"}
			}
		},
		{
			"from": [6, 0.8, 6],
			"to": [10, 3, 10],
			"rotation": {"angle": 0, "axis": "y", "origin": [8, 1.9, 8]},
			"faces": {
				"north": {"uv": [0, 0, 16, 16], "texture": "#0"},
				"east": {"uv": [0, 0, 16, 16], "texture": "#0"},
				"south": {"uv": [0, 0, 16, 16], "texture": "#0"},
				"west": {"uv": [0, 0, 16, 16], "texture": "#0"},
				"up": {"uv": [0, 0, 16, 16], "texture": "#1"},
				"down": {"uv": [0, 0, 16, 16], "texture": "#1"}
			}
		}
	],
	"display": {
		"thirdperson_righthand": {
			"rotation": [0, 90, 0],
			"translation": [-0.25, -0.5, 1.5]
		},
		"thirdperson_lefthand": {
			"rotation": [0, 90, 0],
			"translation": [-0.25, -0.5, 1.5]
		},
		"firstperson_righthand": {
			"rotation": [0, 90, 0],
			"translation": [-3.25, -3, 3],
			"scale": [0.47992, 0.47992, 0.47992]
		},
		"firstperson_lefthand": {
			"rotation": [0, 90, 0],
			"translation": [-3.25, -3, 3],
			"scale": [0.47992, 0.47992, 0.47992]
		},
		"ground": {
			"rotation": [26, 18.64, -62.4],
			"translation": [-2.5, 0, 0],
			"scale": [0.5, 0.5, 0.5]
		},
		"gui": {
			"rotation": [0, 0, -45],
			"translation": [-4, -4, 0],
			"scale": [0.72109, 0.72109, 0.72109]
		},
		"head": {
			"translation": [0, -34.25, -10],
			"scale": [0.37695, 1.52734, 0.79883]
		},
		"fixed": {
			"rotation": [0, 0, 45.5],
			"translation": [5, -5.25, 0]
		}
	}
}