{
	"credit": "Made with Blockbench",
	"textures": {
		"0": "block/ancient_debris_side",
		"1": "block/netherite_block",
		"2": "block/anvil",
		"particle": "block/ancient_debris_side"
	},
	"elements": [
		{
			"from": [0, 17, 4],
			"to": [15, 26, 11],
			"rotation": {"angle": 0, "axis": "y", "origin": [7.5, 21.5, 7.5]},
			"faces": {
				"north": {"uv": [0, 0, 9, 15], "rotation": 90, "texture": "#2"},
				"east": {"uv": [0, 0, 9, 7], "rotation": 270, "texture": "#2"},
				"south": {"uv": [0, 0, 9, 15], "rotation": 270, "texture": "#2"},
				"west": {"uv": [0, 0, 9, 7], "rotation": 270, "texture": "#2"},
				"up": {"uv": [0, 0, 7, 15], "rotation": 270, "texture": "#2"},
				"down": {"uv": [0, 0, 7, 15], "rotation": 270, "texture": "#2"}
			}
		},
		{
			"from": [2, 17, 2],
			"to": [4, 26, 4],
			"rotation": {"angle": 0, "axis": "z", "origin": [3, 21.5, 3]},
			"faces": {
				"north": {"uv": [0, 0, 16, 2], "rotation": 90, "texture": "#1"},
				"east": {"uv": [0, 0, 9, 2], "rotation": 270, "texture": "#1"},
				"south": {"uv": [0, 0, 9, 2], "rotation": 270, "texture": "#1"},
				"west": {"uv": [0, 0, 9, 2], "rotation": 270, "texture": "#1"},
				"up": {"uv": [0, 0, 2, 2], "rotation": 270, "texture": "#1"},
				"down": {"uv": [0, 0, 2, 2], "rotation": 270, "texture": "#1"}
			}
		},
		{
			"from": [6, 20, 3],
			"to": [10, 23, 4],
			"faces": {
				"north": {"uv": [0, 0, 3, 4], "rotation": 90, "texture": "#1"},
				"east": {"uv": [0, 0, 3, 1], "rotation": 270, "texture": "#1"},
				"south": {"uv": [0, 0, 3, 4], "rotation": 270, "texture": "#1"},
				"west": {"uv": [0, 0, 3, 1], "rotation": 270, "texture": "#1"},
				"up": {"uv": [0, 0, 1, 4], "rotation": 270, "texture": "#1"},
				"down": {"uv": [0, 0, 1, 4], "rotation": 270, "texture": "#1"}
			}
		},
		{
			"from": [7, 20, 2],
			"to": [10, 23, 3],
			"faces": {
				"north": {"uv": [0, 0, 3, 3], "rotation": 90, "texture": "#1"},
				"east": {"uv": [0, 0, 3, 1], "rotation": 270, "texture": "#1"},
				"south": {"uv": [0, 0, 3, 3], "rotation": 270, "texture": "#1"},
				"west": {"uv": [0, 0, 3, 1], "rotation": 270, "texture": "#1"},
				"up": {"uv": [0, 0, 1, 3], "rotation": 270, "texture": "#1"},
				"down": {"uv": [0, 0, 1, 3], "rotation": 270, "texture": "#1"}
			}
		},
		{
			"from": [4, 23, 3.25],
			"to": [6, 25.75, 5.25],
			"faces": {
				"north": {"uv": [0, 0, 16, 16], "rotation": 90, "texture": "#1"},
				"east": {"uv": [0, 0, 2.75, 2], "rotation": 270, "texture": "#1"},
				"south": {"uv": [0, 0, 2.75, 2], "rotation": 270, "texture": "#1"},
				"west": {"uv": [0, 0, 2.75, 2], "rotation": 270, "texture": "#1"},
				"up": {"uv": [0, 0, 2, 2], "rotation": 270, "texture": "#1"},
				"down": {"uv": [0, 0, 2, 2], "rotation": 270, "texture": "#1"}
			}
		},
		{
			"from": [4, 17.25, 3.25],
			"to": [6, 20, 5.25],
			"faces": {
				"north": {"uv": [0, 0, 16, 16], "rotation": 90, "texture": "#1"},
				"east": {"uv": [0, 0, 2.75, 2], "rotation": 270, "texture": "#1"},
				"south": {"uv": [0, 0, 2.75, 2], "rotation": 270, "texture": "#1"},
				"west": {"uv": [0, 0, 2.75, 2], "rotation": 270, "texture": "#1"},
				"up": {"uv": [0, 0, 2, 2], "rotation": 270, "texture": "#1"},
				"down": {"uv": [0, 0, 2, 2], "rotation": 270, "texture": "#1"}
			}
		},
		{
			"from": [6, 0, 6],
			"to": [9, 17, 9],
			"rotation": {"angle": 0, "axis": "x", "origin": [7.5, 8.5, 7.5]},
			"faces": {
				"north": {"uv": [13, 0, 16, 16], "texture": "#0"},
				"east": {"uv": [10, 0, 13, 16], "texture": "#0"},
				"south": {"uv": [8, 0, 11, 16], "texture": "#0"},
				"west": {"uv": [12, 0, 15, 16], "texture": "#0"},
				"up": {"uv": [0, 0, 3, 3], "texture": "#0"},
				"down": {"uv": [0, 0, 3, 3], "texture": "#0"}
			}
		},
		{
			"from": [12, 19, 3],
			"to": [13, 24, 4],
			"rotation": {"angle": 0, "axis": "y", "origin": [12, 21, 3]},
			"faces": {
				"north": {"uv": [13, 11, 14, 16], "texture": "#1"},
				"east": {"uv": [12, 11, 13, 16], "texture": "#1"},
				"south": {"uv": [15, 11, 16, 16], "texture": "#1"},
				"west": {"uv": [14, 11, 15, 16], "texture": "#1"},
				"up": {"uv": [14, 11, 13, 10], "texture": "#1"},
				"down": {"uv": [15, 10, 14, 11], "texture": "#1"}
			}
		}
	],
	"display": {
		"thirdperson_righthand": {
			"rotation": [114.84, 87.93, -109.6],
			"translation": [1.5, 0, 0]
		},
		"thirdperson_lefthand": {
			"rotation": [114.84, 87.93, -109.6],
			"translation": [1.5, 0, 0]
		},
		"firstperson_righthand": {
			"rotation": [-180, 58.25, -180],
			"translation": [0, -4.5, 0],
			"scale": [0.79297, 0.79297, 0.79297]
		},
		"firstperson_lefthand": {
			"rotation": [-180, 58.25, -180],
			"translation": [0, -4.5, 0],
			"scale": [0.79297, 0.79297, 0.79297]
		},
		"ground": {
			"rotation": [0.07, -19.85, -93.42],
			"translation": [-14.25, 28.75, -2.75],
			"scale": [4, 4, 4]
		},
		"gui": {
			"rotation": [-177.44, -18.07, 150.71],
			"translation": [4.75, -7, 0],
			"scale": [1.64648, 1.64648, 1.64648]
		},
		"head": {
			"rotation": [0, 0, -90.25],
			"translation": [-22.75, 0, 0],
			"scale": [1.66797, 1.66797, 1.66797]
		},
		"fixed": {
			"rotation": [0, 0, -91.25],
			"translation": [-53.25, 0, 0],
			"scale": [4, 4, 4]
		}
	}
}