{
	"credit": "Made with Blockbench",
	"texture_size": [64, 64],
	"textures": {
		"3": "block/blast_furnace_top",
		"4": "block/blast_furnace_side",
		"5": "block/oxidized_copper",
		"6": "block/cut_copper",
		"7": "block/redstone_block",
		"particle": "block/blast_furnace_top"
	},
	"elements": [
		{
			"from": [4, 0, 4],
			"to": [12, 2, 12],
			"faces": {
				"north": {"uv": [0, 0, 16, 4], "texture": "#4"},
				"east": {"uv": [0, 0, 16, 4], "texture": "#4"},
				"south": {"uv": [0, 0, 16, 4], "texture": "#4"},
				"west": {"uv": [0, 0, 16, 4], "texture": "#4"},
				"up": {"uv": [0, 0, 16, 16], "texture": "#3"},
				"down": {"uv": [0, 0, 16, 16], "texture": "#3"}
			}
		},
		{
			"from": [4.5, 0.5, 2],
			"to": [5.5, 1.5, 4],
			"faces": {
				"north": {"uv": [0, 0, 16, 8], "rotation": 90, "texture": "#6"},
				"east": {"uv": [0, 0, 16, 8], "rotation": 180, "texture": "#6"},
				"south": {"uv": [0, 0, 16, 8], "texture": "#6"},
				"west": {"uv": [0, 0, 16, 8], "texture": "#6"},
				"up": {"uv": [0, 0, 16, 8], "rotation": 90, "texture": "#6"},
				"down": {"uv": [0, 0, 16, 8], "rotation": 270, "texture": "#6"}
			}
		},
		{
			"from": [4.15, 0.15, 0.25],
			"to": [5.9, 1.9, 2],
			"faces": {
				"north": {"uv": [0, 0, 16, 16], "texture": "#5"},
				"east": {"uv": [0, 0, 16, 16], "texture": "#5"},
				"south": {"uv": [0, 0, 16, 16], "texture": "#5"},
				"west": {"uv": [0, 0, 16, 16], "texture": "#5"},
				"up": {"uv": [0, 0, 16, 16], "texture": "#5"},
				"down": {"uv": [0, 0, 16, 16], "texture": "#5"}
			}
		},
		{
			"from": [6, 0.5, 6],
			"to": [10, 2.5, 10],
			"faces": {
				"north": {"uv": [0, 0, 16, 8], "texture": "#7"},
				"east": {"uv": [0, 0, 16, 8], "texture": "#7"},
				"south": {"uv": [0, 0, 16, 8], "texture": "#7"},
				"west": {"uv": [0, 0, 16, 8], "texture": "#7"},
				"up": {"uv": [0, 0, 16, 16], "texture": "#7"},
				"down": {"uv": [0, 0, 16, 16], "texture": "#7"}
			}
		}
	],
	"display": {
		"thirdperson_righthand": {
			"rotation": [97.24, -8.18, 69.43],
			"translation": [-4, -1, -0.5],
			"scale": [0.66406, 0.66406, 0.66406]
		},
		"thirdperson_lefthand": {
			"rotation": [97.24, -8.18, 69.43],
			"translation": [-4, -1, -0.5],
			"scale": [0.66406, 0.66406, 0.66406]
		},
		"firstperson_righthand": {
			"rotation": [97.24, -8.18, 69.43],
			"translation": [-4.75, 3, 0],
			"scale": [0.66406, 0.66406, 0.66406]
		},
		"firstperson_lefthand": {
			"rotation": [97.24, -8.18, 69.43],
			"translation": [-3.75, 4, 0.25],
			"scale": [0.66406, 0.66406, 0.66406]
		},
		"ground": {
			"rotation": [31.43, -4.72, -21.12],
			"translation": [2.5, 2.5, 3.25],
			"scale": [0.60742, 0.60742, 0.60742]
		},
		"gui": {
			"rotation": [59.88, -19.72, 30.13],
			"translation": [-4.5, 3.5, 0],
			"scale": [1.26563, 1.26563, 1.26563]
		},
		"head": {
			"translation": [0, 13.25, 0]
		},
		"fixed": {
			"rotation": [-90, 180, 0],
			"translation": [0, 0, -6.75]
		}
	}
}