{
	"credit": "Made with Blockbench",
	"textures": {
		"1": "block/red_concrete",
		"2": "block/fire_coral_block",
		"particle": "block/fire_coral_block"
	},
	"elements": [
		{
			"from": [10, 0, 3],
			"to": [12, 8, 11],
			"faces": {
				"north": {"uv": [0, 0, 2, 8], "texture": "#1"},
				"east": {"uv": [0, 0, 8, 8], "texture": "#2"},
				"south": {"uv": [0, 0, 2, 8], "texture": "#1"},
				"west": {"uv": [0, 0, 8, 8], "texture": "#1"},
				"up": {"uv": [0, 0, 2, 8], "texture": "#1"},
				"down": {"uv": [0, 0, 2, 8], "texture": "#1"}
			}
		},
		{
			"from": [10, 8, 3],
			"to": [11, 10, 11],
			"faces": {
				"north": {"uv": [0, 0, 1, 2], "texture": "#2"},
				"east": {"uv": [0, 0, 8, 2], "texture": "#2"},
				"south": {"uv": [0, 0, 1, 2], "texture": "#2"},
				"west": {"uv": [0, 0, 8, 2], "texture": "#2"},
				"up": {"uv": [1, 0, 2, 8], "texture": "#2"},
				"down": {"uv": [0, 0, 1, 8], "texture": "#2"}
			}
		},
		{
			"from": [11, 8, 3],
			"to": [12, 10, 11],
			"faces": {
				"north": {"uv": [0, 0, 1, 2], "texture": "#1"},
				"east": {"uv": [0, 0, 8, 2], "texture": "#2"},
				"south": {"uv": [0, 0, 1, 2], "texture": "#1"},
				"west": {"uv": [0, 0, 8, 2], "texture": "#1"},
				"up": {"uv": [0, 0, 1, 8], "texture": "#2"},
				"down": {"uv": [0, 0, 1, 8], "texture": "#1"}
			}
		},
		{
			"from": [8, 0, 3],
			"to": [10, 6, 11],
			"faces": {
				"north": {"uv": [0, 0, 2, 6], "texture": "#1"},
				"east": {"uv": [0, 0, 8, 6], "texture": "#1"},
				"south": {"uv": [0, 0, 2, 6], "texture": "#1"},
				"west": {"uv": [0, 0, 8, 6], "texture": "#1"},
				"up": {"uv": [0, 0, 2, 8], "texture": "#1"},
				"down": {"uv": [0, 0, 2, 8], "texture": "#1"}
			}
		},
		{
			"from": [7, 8, 3],
			"to": [10, 10, 4.25],
			"faces": {
				"north": {"uv": [0, 0, 3, 2], "texture": "#2"},
				"east": {"uv": [0, 0, 1.25, 2], "texture": "#2"},
				"south": {"uv": [0, 0, 3, 2], "texture": "#2"},
				"west": {"uv": [0, 0, 1.25, 2], "texture": "#2"},
				"up": {"uv": [0, 0, 3, 1.25], "texture": "#2"},
				"down": {"uv": [0, 0, 3, 1.25], "texture": "#2"}
			}
		},
		{
			"from": [9, 6, 11],
			"to": [11, 10, 12.25],
			"faces": {
				"north": {"uv": [0, 0, 2, 4], "texture": "#2"},
				"east": {"uv": [0, 0, 1.25, 4], "texture": "#2"},
				"south": {"uv": [0, 0, 2, 4], "texture": "#2"},
				"west": {"uv": [0, 0, 1.25, 4], "texture": "#2"},
				"up": {"uv": [0, 0, 2, 1.25], "texture": "#2"},
				"down": {"uv": [0, 0, 2, 1.25], "texture": "#2"}
			}
		},
		{
			"from": [7, 8, 5.25],
			"to": [10, 10, 6.5],
			"faces": {
				"north": {"uv": [0, 0, 3, 2], "texture": "#2"},
				"east": {"uv": [0, 0, 1.25, 2], "texture": "#2"},
				"south": {"uv": [0, 0, 3, 2], "texture": "#2"},
				"west": {"uv": [0, 0, 1.25, 2], "texture": "#2"},
				"up": {"uv": [0, 0, 3, 1.25], "texture": "#2"},
				"down": {"uv": [0, 0, 3, 1.25], "texture": "#2"}
			}
		},
		{
			"from": [7, 8, 7.5],
			"to": [10, 10, 8.75],
			"faces": {
				"north": {"uv": [0, 0, 3, 2], "texture": "#2"},
				"east": {"uv": [0, 0, 1.25, 2], "texture": "#2"},
				"south": {"uv": [0, 0, 3, 2], "texture": "#2"},
				"west": {"uv": [0, 0, 1.25, 2], "texture": "#2"},
				"up": {"uv": [0, 0, 3, 1.25], "texture": "#2"},
				"down": {"uv": [0, 0, 3, 1.25], "texture": "#2"}
			}
		},
		{
			"from": [7, 8, 9.75],
			"to": [10, 10, 11],
			"faces": {
				"north": {"uv": [0, 0, 3, 2], "texture": "#2"},
				"east": {"uv": [0, 0, 1.25, 2], "texture": "#2"},
				"south": {"uv": [0, 0, 3, 2], "texture": "#2"},
				"west": {"uv": [0, 0, 1.25, 2], "texture": "#2"},
				"up": {"uv": [0, 0, 3, 1.25], "texture": "#2"},
				"down": {"uv": [0, 0, 3, 1.25], "texture": "#2"}
			}
		},
		{
			"from": [7, 6, 9.75],
			"to": [9, 8, 11],
			"faces": {
				"north": {"uv": [0, 0, 2, 2], "texture": "#1"},
				"east": {"uv": [0, 0, 1.25, 2], "texture": "#1"},
				"south": {"uv": [0, 0, 2, 2], "texture": "#1"},
				"west": {"uv": [0, 0, 1.25, 2], "texture": "#1"},
				"up": {"uv": [0, 0, 2, 1.25], "texture": "#1"},
				"down": {"uv": [0, 0, 2, 1.25], "texture": "#1"}
			}
		},
		{
			"from": [7, 6, 7.5],
			"to": [9, 8, 8.75],
			"faces": {
				"north": {"uv": [0, 0, 2, 2], "texture": "#1"},
				"east": {"uv": [0, 0, 1.25, 2], "texture": "#1"},
				"south": {"uv": [0, 0, 2, 2], "texture": "#1"},
				"west": {"uv": [0, 0, 1.25, 2], "texture": "#1"},
				"up": {"uv": [0, 0, 2, 1.25], "texture": "#1"},
				"down": {"uv": [0, 0, 2, 1.25], "texture": "#1"}
			}
		},
		{
			"from": [7, 6, 5.25],
			"to": [9, 8, 6.5],
			"faces": {
				"north": {"uv": [0, 0, 2, 2], "texture": "#1"},
				"east": {"uv": [0, 0, 1.25, 2], "texture": "#1"},
				"south": {"uv": [0, 0, 2, 2], "texture": "#1"},
				"west": {"uv": [0, 0, 1.25, 2], "texture": "#1"},
				"up": {"uv": [0, 0, 2, 1.25], "texture": "#1"},
				"down": {"uv": [0, 0, 2, 1.25], "texture": "#1"}
			}
		},
		{
			"from": [7, 6, 3],
			"to": [9, 8, 4.25],
			"faces": {
				"north": {"uv": [0, 0, 2, 2], "texture": "#1"},
				"east": {"uv": [0, 0, 1.25, 2], "texture": "#1"},
				"south": {"uv": [0, 0, 2, 2], "texture": "#1"},
				"west": {"uv": [0, 0, 1.25, 2], "texture": "#1"},
				"up": {"uv": [0, 0, 2, 1.25], "texture": "#1"},
				"down": {"uv": [0, 0, 2, 1.25], "texture": "#1"}
			}
		}
	],
	"display": {
		"thirdperson_righthand": {
			"rotation": [8, -88.48, 98.81],
			"translation": [-1, -4.25, 0.25],
			"scale": [1.11523, 1, 0.63281]
		},
		"thirdperson_lefthand": {
			"rotation": [172, 90, 98.81],
			"translation": [-0.75, -4.25, 0.25],
			"scale": [1.11523, 1, -0.63281]
		},
		"firstperson_righthand": {
			"rotation": [-84.63, -68.84, -38.73],
			"translation": [0, 3.5, 0]
		},
		"firstperson_lefthand": {
			"rotation": [129.72, -61.07, -178.81],
			"translation": [0, 3.5, 0],
			"scale": [-1, 1, 1]
		},
		"ground": {
			"rotation": [-2.99, 14.36, 18],
			"translation": [-1, 5.5, 0.75],
			"scale": [1, 1, 0.65]
		},
		"gui": {
			"rotation": [-160.7, 68.64, -142.11],
			"translation": [2.25, 0.5, 7.25],
			"scale": [1.05961, 1.05961, 1.05961]
		},
		"fixed": {
			"rotation": [151.94, -89.44, -118.03],
			"translation": [-2.25, 0, -14.75],
			"scale": [1.79102, 1.79102, 1.79102]
		}
	},
	"groups": [
		{
			"name": "group",
			"origin": [0, 0, 0],
			"color": 0,
			"nbt": "{}",
			"children": [0, 1, 2, 3, 4, 5, 6, 7, 8, 9, 10, 11, 12]
		}
	]
}