{
	"credit": "",
	"texture_size": [64, 64],
	"textures": {
		"0": "custom/shotgun",
		"particle": "custom/shotgun"
	},
	"elements": [
		{
			"from": [6.5, 4.5, 0],
			"to": [9.5, 7.5, 13],
			"rotation": {"angle": 0, "axis": "y", "origin": [8, 6, 6.5]},
			"faces": {
				"north": {"uv": [6.5, 6.5, 8, 8], "texture": "#0"},
				"east": {"uv": [0, 6.5, 6.5, 8], "texture": "#0"},
				"south": {"uv": [14.5, 6.5, 16, 8], "texture": "#0"},
				"west": {"uv": [8, 6.5, 14.5, 8], "texture": "#0"},
				"up": {"uv": [8, 6.5, 6.5, 0], "texture": "#0"},
				"down": {"uv": [9.5, 0, 8, 6.5], "texture": "#0"}
			}
		},
		{
			"from": [7, 5.75, 12.75],
			"to": [9, 7, 16.75],
			"rotation": {"angle": 0, "axis": "y", "origin": [8, 6, 6.5]},
			"faces": {
				"north": {"uv": [3, 0, 4, 2.25], "texture": "#0"},
				"east": {"uv": [0, 0, 3.5, 2.25], "texture": "#0"},
				"south": {"uv": [0, 0, 3.5, 2.25], "texture": "#0"},
				"west": {"uv": [3, 0, 4, 2.25], "texture": "#0"},
				"up": {"uv": [0, 0, 3.5, 2.25], "texture": "#0"},
				"down": {"uv": [0, 0, 3.5, 2.25], "texture": "#0"}
			}
		},
		{
			"from": [7.05, 4.75, 16.75],
			"to": [8.95, 8, 18.25],
			"rotation": {"angle": 0, "axis": "y", "origin": [8, 6.375, 20.375]},
			"faces": {
				"north": {"uv": [3, 0, 4, 2.25], "texture": "#0"},
				"east": {"uv": [3, 0, 4, 2.25], "texture": "#0"},
				"south": {"uv": [3, 0, 4, 2.25], "texture": "#0"},
				"west": {"uv": [3, 0, 4, 2.25], "texture": "#0"},
				"up": {"uv": [3, 0, 4, 2.25], "texture": "#0"},
				"down": {"uv": [3, 0, 4, 2.25], "texture": "#0"}
			}
		},
		{
			"from": [7, 2.53033, 10.46967],
			"to": [9, 4.53033, 15.46967],
			"rotation": {"angle": 45, "axis": "x", "origin": [8, 3.53033, 12.96967]},
			"faces": {
				"north": {"uv": [9, 10.5, 10, 11.5], "texture": "#0"},
				"east": {"uv": [6.5, 10.5, 9, 11.5], "texture": "#0"},
				"south": {"uv": [12.5, 10.5, 13.5, 11.5], "texture": "#0"},
				"west": {"uv": [10, 10.5, 12.5, 11.5], "texture": "#0"},
				"up": {"uv": [10, 10.5, 9, 8], "texture": "#0"},
				"down": {"uv": [11, 8, 10, 10.5], "texture": "#0"}
			}
		},
		{
			"from": [6.25, 4.25, 0.75],
			"to": [9.75, 5.75, 8.25],
			"rotation": {"angle": 0, "axis": "y", "origin": [8, 5, 4.5]},
			"faces": {
				"north": {"uv": [3.5, 11.5, 5, 12], "texture": "#0"},
				"east": {"uv": [0, 11.5, 3.5, 12], "texture": "#0"},
				"south": {"uv": [8.5, 11.5, 10, 12], "texture": "#0"},
				"west": {"uv": [5, 11.5, 8.5, 12], "texture": "#0"},
				"up": {"uv": [5, 11.5, 3.5, 8], "texture": "#0"},
				"down": {"uv": [6.5, 8, 5, 11.5], "texture": "#0"}
			}
		}
	],
	"display": {
		"thirdperson_righthand": {
			"rotation": [1, 0, 0],
			"translation": [0, 4, -3.25],
			"scale": [0.99, 1, 1]
		},
		"thirdperson_lefthand": {
			"rotation": [1, 0, 0],
			"translation": [0, 4, -3.25],
			"scale": [0.99, 1, 1]
		},
		"firstperson_righthand": {
			"rotation": [1, -10, 0],
			"translation": [0, 4, -3.25],
			"scale": [0.99, 1, 1]
		},
		"firstperson_lefthand": {
			"rotation": [1, -10, 0],
			"translation": [0, 4, -3.25],
			"scale": [0.99, 1, 1]
		},
		"ground": {
			"translation": [0, 5.25, 0],
			"scale": [0.6, 0.6, 0.6]
		},
		"gui": {
			"rotation": [23, -120, 0],
			"translation": [0.5, 0.25, 0],
			"scale": [0.85, 0.85, 0.85]
		},
		"head": {
			"translation": [0, 6, -4]
		},
		"fixed": {
			"rotation": [-98, 117, 109],
			"translation": [0.25, 3, -0.25]
		}
	}
}