{
	"credit": "Made with Blockbench",
	"textures": {
		"1": "block/copper_block",
		"2": "block/netherite_block",
		"3": "block/redstone_block",
		"4": "block/lapis_block",
		"7": "block/prismarine",
		"8": "block/anvil",
		"9": "block/respawn_anchor_top",
		"10": "block/oxidized_cut_copper"
	},
	"elements": [
		{
			"name": "body",
			"from": [6.5, 24, 7.5],
			"to": [9.5, 27, 8.5],
			"rotation": {"angle": 0, "axis": "y", "origin": [8, 20.75, 7.95]},
			"faces": {
				"north": {"uv": [0, 0, 16, 16], "texture": "#9"},
				"east": {"uv": [1, 6, 16, 11], "rotation": 90, "texture": "#8"},
				"south": {"uv": [0, 0, 16, 16], "texture": "#9"},
				"west": {"uv": [1, 6, 16, 11], "rotation": 90, "texture": "#8"},
				"up": {"uv": [1, 6, 16, 11], "texture": "#8"},
				"down": {"uv": [1, 6, 16, 11], "texture": "#8"}
			}
		},
		{
			"name": "body",
			"from": [7.5, 0, 7.5],
			"to": [8.5, 8, 8.5],
			"rotation": {"angle": 0, "axis": "y", "origin": [8, 20.75, 7.95]},
			"faces": {
				"north": {"uv": [7, 0, 9, 16], "texture": "#2"},
				"east": {"uv": [5, 0, 7, 16], "texture": "#2"},
				"south": {"uv": [11, 0, 13, 16], "texture": "#2"},
				"west": {"uv": [9, 0, 11, 16], "texture": "#2"},
				"up": {"uv": [5, 8, 3, 6], "texture": "#missing"},
				"down": {"uv": [5, 6, 3, 8], "texture": "#2"}
			}
		},
		{
			"name": "body",
			"from": [7.5, 16, 7.5],
			"to": [8.5, 24, 8.5],
			"rotation": {"angle": 0, "axis": "y", "origin": [8, 36.75, 7.95]},
			"faces": {
				"north": {"uv": [8, 16, 10, 0], "texture": "#2"},
				"east": {"uv": [6, 16, 8, 0], "texture": "#2"},
				"south": {"uv": [12, 16, 14, 0], "texture": "#2"},
				"west": {"uv": [10, 16, 12, 0], "texture": "#2"},
				"up": {"uv": [5, 6, 3, 8], "texture": "#2"},
				"down": {"uv": [5, 8, 3, 6], "texture": "#2"}
			}
		},
		{
			"name": "body",
			"from": [9.5, 25, 7.5],
			"to": [10.5, 26, 8.5],
			"rotation": {"angle": 0, "axis": "y", "origin": [10, 38.75, 7.95]},
			"faces": {
				"north": {"uv": [1, 11, 5, 15], "texture": "#2"},
				"east": {"uv": [1, 1, 5, 5], "texture": "#2"},
				"south": {"uv": [11, 1, 15, 5], "texture": "#2"},
				"west": {"uv": [11, 11, 15, 15], "texture": "#2"},
				"up": {"uv": [10, 15, 6, 11], "texture": "#2"},
				"down": {"uv": [10, 1, 6, 5], "texture": "#2"}
			}
		},
		{
			"name": "body",
			"from": [5.5, 25, 7.5],
			"to": [6.5, 26, 8.5],
			"rotation": {"angle": 0, "axis": "y", "origin": [6, 38.75, 7.95]},
			"faces": {
				"north": {"uv": [1, 11, 5, 15], "texture": "#2"},
				"east": {"uv": [1, 1, 5, 5], "texture": "#2"},
				"south": {"uv": [11, 1, 15, 5], "texture": "#2"},
				"west": {"uv": [11, 11, 15, 15], "texture": "#2"},
				"up": {"uv": [10, 15, 6, 11], "texture": "#2"},
				"down": {"uv": [10, 1, 6, 5], "texture": "#2"}
			}
		},
		{
			"name": "body",
			"from": [5.5, 29, 7.5],
			"to": [6.5, 30, 8.5],
			"rotation": {"angle": 0, "axis": "y", "origin": [6, 42.75, 7.95]},
			"faces": {
				"north": {"uv": [1, 11, 5, 15], "texture": "#2"},
				"east": {"uv": [1, 1, 5, 5], "texture": "#2"},
				"south": {"uv": [11, 1, 15, 5], "texture": "#2"},
				"west": {"uv": [11, 11, 15, 15], "texture": "#2"},
				"up": {"uv": [10, 15, 6, 11], "texture": "#2"},
				"down": {"uv": [10, 1, 6, 5], "texture": "#2"}
			}
		},
		{
			"name": "body",
			"from": [7.5, 30, 7.5],
			"to": [8.5, 31, 8.5],
			"rotation": {"angle": 0, "axis": "y", "origin": [8, 43.75, 7.95]},
			"faces": {
				"north": {"uv": [1, 11, 5, 15], "texture": "#2"},
				"east": {"uv": [1, 1, 5, 5], "texture": "#2"},
				"south": {"uv": [11, 1, 15, 5], "texture": "#2"},
				"west": {"uv": [11, 11, 15, 15], "texture": "#2"},
				"up": {"uv": [10, 15, 6, 11], "texture": "#2"},
				"down": {"uv": [10, 1, 6, 5], "texture": "#2"}
			}
		},
		{
			"name": "body",
			"from": [9.5, 29, 7.5],
			"to": [10.5, 30, 8.5],
			"rotation": {"angle": 0, "axis": "y", "origin": [10, 42.75, 7.95]},
			"faces": {
				"north": {"uv": [1, 11, 5, 15], "texture": "#2"},
				"east": {"uv": [1, 1, 5, 5], "texture": "#2"},
				"south": {"uv": [11, 1, 15, 5], "texture": "#2"},
				"west": {"uv": [11, 11, 15, 15], "texture": "#2"},
				"up": {"uv": [10, 15, 6, 11], "texture": "#2"},
				"down": {"uv": [10, 1, 6, 5], "texture": "#2"}
			}
		},
		{
			"name": "body",
			"from": [7.5, 8, 7.5],
			"to": [8.5, 16, 8.5],
			"rotation": {"angle": 0, "axis": "y", "origin": [8, 27.75, 7.95]},
			"faces": {
				"north": {"uv": [9, 0, 11, 16], "texture": "#1"},
				"east": {"uv": [7, 0, 9, 16], "texture": "#1"},
				"south": {"uv": [13, 0, 15, 16], "texture": "#1"},
				"west": {"uv": [11, 0, 13, 16], "texture": "#1"},
				"up": {"uv": [3, 7, 1, 5], "texture": "#1"},
				"down": {"uv": [3, 5, 1, 7], "texture": "#1"}
			}
		},
		{
			"name": "body",
			"from": [7.5, 27, 7.5],
			"to": [8.5, 30, 8.5],
			"rotation": {"angle": 0, "axis": "y", "origin": [8, 20.75, 7.95]},
			"faces": {
				"north": {"uv": [0, 7, 2, 11], "texture": "#7"},
				"east": {"uv": [2, 7, 4, 11], "texture": "#7"},
				"south": {"uv": [4, 7, 6, 11], "texture": "#7"},
				"west": {"uv": [6, 7, 8, 11], "texture": "#7"},
				"up": {"uv": [6, 7, 4, 5], "texture": "#7"},
				"down": {"uv": [4, 5, 2, 7], "texture": "#7"}
			}
		},
		{
			"name": "body",
			"from": [9.5, 26, 7.5],
			"to": [10.5, 29, 8.5],
			"rotation": {"angle": 0, "axis": "y", "origin": [8, 20.75, 7.95]},
			"faces": {
				"north": {"uv": [4, 2, 8, 14], "texture": "#3"},
				"east": {"uv": [1, 2, 5, 14], "texture": "#3"},
				"south": {"uv": [11, 2, 15, 14], "texture": "#3"},
				"west": {"uv": [8, 2, 12, 14], "texture": "#3"},
				"up": {"uv": [15, 4, 12, 1], "texture": "#3"},
				"down": {"uv": [15, 12, 12, 15], "texture": "#3"}
			}
		},
		{
			"name": "body",
			"from": [7.5, 25, 7.2],
			"to": [8.5, 26, 8.2],
			"rotation": {"angle": 0, "axis": "y", "origin": [8, 20.75, 7.95]},
			"faces": {
				"north": {"uv": [0, 0, 16, 16], "texture": "#10"},
				"east": {"uv": [0, 0, 16, 16], "texture": "#10"},
				"south": {"uv": [0, 0, 16, 16], "texture": "#10"},
				"west": {"uv": [0, 0, 16, 16], "texture": "#10"},
				"up": {"uv": [0, 0, 16, 16], "texture": "#10"},
				"down": {"uv": [0, 0, 16, 16], "texture": "#10"}
			}
		},
		{
			"name": "body",
			"from": [7.5, 25, 7.8],
			"to": [8.5, 26, 8.8],
			"rotation": {"angle": 0, "axis": "y", "origin": [8, 20.75, 8.05]},
			"faces": {
				"north": {"uv": [0, 0, 16, 16], "texture": "#10"},
				"east": {"uv": [0, 0, 16, 16], "texture": "#10"},
				"south": {"uv": [0, 0, 16, 16], "texture": "#10"},
				"west": {"uv": [0, 0, 16, 16], "texture": "#10"},
				"up": {"uv": [0, 0, 16, 16], "texture": "#10"},
				"down": {"uv": [0, 0, 16, 16], "texture": "#10"}
			}
		},
		{
			"name": "body",
			"from": [5.5, 26, 7.5],
			"to": [6.5, 29, 8.5],
			"rotation": {"angle": 0, "axis": "y", "origin": [8, 20.75, 7.95]},
			"faces": {
				"north": {"uv": [4, 2, 8, 13], "texture": "#4"},
				"east": {"uv": [1, 2, 5, 13], "texture": "#4"},
				"south": {"uv": [11, 2, 15, 13], "texture": "#4"},
				"west": {"uv": [8, 2, 12, 13], "texture": "#4"},
				"up": {"uv": [8, 9, 4, 5], "texture": "#4"},
				"down": {"uv": [12, 5, 8, 9], "texture": "#4"}
			}
		}
	],
	"display": {
		"thirdperson_righthand": {
			"rotation": [0, 90, 0],
			"translation": [0, -6, 0]
		},
		"thirdperson_lefthand": {
			"rotation": [0, 90, 0],
			"translation": [0, -6, 0]
		},
		"firstperson_righthand": {
			"rotation": [0, 90, 0],
			"translation": [0, -7, 0]
		},
		"firstperson_lefthand": {
			"rotation": [0, 90, 0],
			"translation": [0, -7, 0]
		},
		"ground": {
			"rotation": [47, 49, 1],
			"translation": [0, 0, -1.5],
			"scale": [0.3, 0.3, 0.3]
		},
		"gui": {
			"rotation": [12.86, -26.87, -48.13],
			"translation": [-4, -3.5, 0],
			"scale": [0.63086, 0.63086, 0.63086]
		},
		"fixed": {
			"rotation": [0, 0, 45],
			"translation": [4.25, -4, 0],
			"scale": [0.77, 0.77, 0.77]
		}
	},
	"groups": [
		{
			"name": "body",
			"origin": [0, 27, 0],
			"color": 0,
			"nbt": "{}",
			"children": [0, 1, 2, 3, 4, 5, 6, 7, 8, 9, 10, 11, 12, 13]
		}
	]
}